candidate	source	aS	ai	aj	bS	bi	bj	peak	RPM	rank	mfe	RNA	structure	aOrt	bOrt	a_mfe	a_structure	b_mfe	b_structure	free_structure	free_mfe	read	ak	al	bk	bl
c1	vRNAsite	7	391	416	8	603	628	-24.82	0	1	-36.2	GCGACGCAGGUACAGAGGCCAUGGUC&CUCCAUGGCCUCUGCUGCUUGCUCAC	..((.(((((((((((((((((((..&..)))))))))))).)))))))))..	A	A	-5.8	..(((.(((((......))).)))))	-1.0	......(((....)))..........	...((.(((((((((((((((((((.......&..........)))))))))))).)))))))))..	-36.2	0	0	0	0	0
	SPLASH	7	373	429	8	597	633	0.0	6485	22	-38.9	CCAUGGCCUCUGCUGCUUGCUCACUCGAUCCAGCC&GGUAACGCGACGCAGGUACAGAGGCCAUGG	((((((((((((.(((((((....(((.....(((&)))....))).)))))))))))))))))))	A	A	0.0	.	0.0	.	.	0.0	507	393	427	597	626
c2	vRNAsite	2	301	332	4	1489	1519	-21.87	0	2	-33.7	GUCGCAUUCUGGGUUUCCCAAGAGCCAUCCG&AGCGGUUCCUCUUGGGAAUCCAGGAGUGUGUA	..((((((((.((.((((((((((....(((&..)))...)))))))))).)).))))))))..	A	A	-5.5	...((.((.((((...)))).))))......	-10.0	.(((....(((((((....)))))))..))).	....((((((((.((.((((((((((....(((&..)))...)))))))))).)).))))))))...	-33.7	0	0	0	0	0
	SPLASH	2	300	336	4	1472	1530	0.0	5768	26	-34.9	CGGUUCCUCUUGGGAAUCCAGGAGUGUG&CGCAUUCUGGGUUUCCCAAGAGCCAUCCG	(((...((((((((((.((.((((((((&)))))))).)).))))))))))....)))	A	A	0.0	.	0.0	.	.	0.0	451	303	330	1491	1519
c3	vRNAsite	6	232	261	7	833	857	-21.14	0	5	-30.0	UUAGUCAGAGGUGACAGGAUUGGUC&UAACCGGACCUGUUACCUCUGUCAACUAUG	.(((((((((((((((((.(((((.&..))))).)))))))))))))...))))..	A	A	-3.7	...((((....))))..........	-0.7	....((((.........)))).........	.(((((((((((((((((.(((((.&..))))).)))))))))))))...))))..	-30.0	0	0	0	0	0
	SPLASH	6	225	265	7	822	870	0.0	16602	5	-31.5	AGAAUAACCGGACCUGUUACCUCUGUCAACUAUG&CUUAGUCAGAGGUGACAGGAUUGGUCUUGUCU	(((...(((((.(((((((((((((...((((.(&).))))))))))))))))).)))))....)))	A	A	0.0	.	0.0	.	.	0.0	1298	228	261	832	863
c4	vRNAsite	3	2120	2143	6	1306	1329	-19.9	0	18	-26.9	UUGUUUGGGGGGGAGUUGAAUUCA&GAUUUUCAGGUCCUCCCCAUACUC	..((.(((((((((.(((((.((.&))..))))).))))))))).))..	A	A	0.0	........................	-0.4	........((......))......	...((.(((((((((.(((((.((.&))..))))).))))))))).))...	-26.9	0	0	0	0	0
	SPLASH	3	2098	2162	6	1297	1339	0.0	5001	39	-26.7	GAUUUUCAGGUCCUCCCCAUAC&GUUUGGGGGGGAGUUGAAUUC	((..(((((.(((((((((.((&)).))))))))).))))).))	A	A	0.0	.	0.0	.	.	0.0	391	2120	2141	1308	1328
c5	vRNAsite	5	348	380	8	601	631	-19.71	0	21	-29.6	ACGCGACGCAGGUACAGAGGCCAUGGUCAUU&UCUGGUCCUUAUGGCCCAGUACCUGCUUCUCAG	..(.((.((((((((.(.(((((((((((..&..))).))..))))))).)))))))).)).)..	A	A	-7.0	....(((.(((((......))).)))))...	-7.5	.((((.((....)).))))..............	..(.((.((((((((.(.(((((((((((..&..))).))..))))))).)))))))).)).)....	-29.6	0	0	0	0	0
	SPLASH	5	341	393	8	597	633	0.0	5410	33	-30.8	UGGUCCUUAUGGCCCAGUACCUGCUUCUCAGUUCAAGUGUACU&GGUAACGCGACGCAGGUACAGAGGCCAUGGUCA	(((.((..(((((((.((((((((.((.........(((((((&))).)))))).)))))))).).)))))))))))	A	A	0.0	.	0.0	.	.	0.0	423	350	392	597	629
c6	vRNAsite	3	772	799	5	808	833	-19.69	0	22	-26.3	AUUGCUUUUUGUGCAGCAGUUUGAAA&AAUCAUCCAUUGCUGCACAAGAUGCAUU	..(((.((((((((((((((.(((..&..)))...)))))))))))))).)))..	A	A	-3.8	((((((........))))))......	-2.3	.............((((.....))))..	......(((.((((((((((((((.(((...&..)))...)))))))))))))).))).........	-26.3	0	0	0	0	0
	SPLASH	3	766	806	5	794	840	0.0	11422	10	-31.4	GGAAAUCAUCCAUUGCUGCACAAGAUGCAUUAAGCAAG&CUUGAUCCAUCAUUGCUUUUUGUGCAGCAGUUUGAAAUUUCC	((((((.....((((((((((((((.(((.....((((&)))).........))).)))))))))))))).....))))))	A	A	0.0	.	0.0	.	.	0.0	893	769	806	797	838
c7	vRNAsite	4	657	688	7	939	967	-19.54	0	27	-33.6	CUUUGAGGGGGCCUGACGGGAUGAUAGAG&CAUCUAUCAUUCCAGUCCAUCCCCCUUCAAUA	..(((((((((...((((((((((((((.&..))))))))))).)))....)))))))))..	A	A	-2.2	((.(.(((...))).).))..........	0.0	................................	.......(((((((((...((((((((((((((.&..))))))))))).)))....))))))))).......	-33.6	0	0	0	0	0
	SPLASH	4	649	691	7	929	973	0.0	11780	9	-33.6	UCUAUCAUUCCAGUCCAUCCCCCUUCAA&UUGAGGGGGCCUGACGGGAUGAUAGA	(((((((((((.(((....(((((((((&)))))))))...))))))))))))))	A	A	0.0	.	0.0	.	.	0.0	921	659	686	941	966
c8	vRNAsite	1	2058	2077	4	892	911	-19.53	0	28	-23.8	UGAGGUGAUGAUGCCGGACC&GAUCCGGCAUCAUUCAUUUU	.(((((((((((((((((..&..)))))))))).)))))))	A	A	-2.1	...(((......))).....	0.0	....................	.(((((((((((((((((........&..........)))))))))).)))))))	-23.8	0	0	0	0	0
	SPLASH	1	2041	2087	4	881	925	0.0	6613	21	-30.0	GGUCUGAUCCGGCAUCAUUCAUUUUACUCCAU&AUGCGUUUGAGGUGAUGAUGCCGGACCCAAAGCC	(((.((.((((((((((.((((((((..((((&))).)..))))))))))))))))))..))..)))	A	A	0.0	.	0.0	.	.	0.0	517	2053	2084	885	918
c9	vRNAsite	1	1056	1079	7	832	855	-19.33	0	33	-25.4	CUUAGUCAGAGGUGACAGGAUUGG&AAAUUCAGAUCACCUCUGACUGCU	..((((((((((((((.(((((..&.))))).).)))))))))))))..	A	A	-4.3	(((.((((....))))))).....	-3.8	....(((((.....))))).....	...((((((((((((((.(((((..&.))))).).)))))))))))))..	-25.4	0	0	0	0	0
	SPLASH	1	1050	1092	7	818	862	0.0	23087	1	-28.7	GACGAAAUUCAGAUCACCUCUGACUG&UAGUCAGAGGUGACAGGAUUGGUC	(((..(((((.(.(((((((((((((&)))))))))))))).))))).)))	A	A	0.0	.	0.0	.	.	0.0	1805	1052	1077	834	857
c10	vRNAsite	1	2185	2224	5	669	706	-19.22	0	35	-34.4	GGCAGGUCCAUACACACAGGCAGGCAGGCAGGACUUGU&CUGGGUUCUUCUCCUGUCUUCCUGAUGUGUACUUCUUGAU	..((((....((((((((((.(((((((.(((((((..&..)))))))...))))))).)))).))))))...))))..	A	A	-9.3	.((((((((.....................))))))))	-1.8	..(((.......)))(((.....)))..............	...((((....((((((((((.(((((((.(((((((.....&...)))))))...))))))).)))).))))))...))))........	-34.4	0	0	0	0	0
	SPLASH	1	2179	2227	5	665	715	0.0	5641	28	-37.8	UGCUGGGUUCUUCUCCUGUCUUCCUGAUGUGUACUUCUUG&CAGGUCCAUACACACAGGCAGGCAGGCAGGACUUGUGAGCA	(((((((((((...(((((((.((((.((((((...((((&))))....)))))))))).))))))).)))))))...))))	A	A	0.0	.	0.0	.	.	0.0	441	2183	2222	671	711
c11	vRNAsite	1	1271	1313	2	2235	2272	-19.03	0	39	-39.1	GGAUCUCCAGUAUAAGGGAAUGUGGUGCUUAUGGCAUU&AUUGCCCGUAAGCACCUCUUCCUCUCUCUUGACUGAUGAUCCG	(((((..((((.(((((((..(.(((((((((((((..&..)).))))))))))).)......)))))))))))..))))).	A	A	-5.4	.....(((........))).....(((((...))))).	-1.7	..(((......)))..((.((.((......))..)).))....	(((((..((((.(((((((..(.(((((((((((((...&...)).))))))))))).)......)))))))))))..))))).	-39.1	0	0	0	0	0
	SPLASH	1	1260	1308	2	2236	2278	0.0	5436	31	-31.0	AGAUUGCCCGUAAGCACCUCUUCCUCUCUCUUGACUG&CAGUAUAAGGGAAUGUGGUGCUUAUGGCAUUUU	(((.((.(((((((((((.(......(((((((((((&)))).)))))))..).))))))))))))).)))	A	A	0.0	.	0.0	.	.	0.0	425	1269	1305	2242	2274
c12	vRNAsite	1	951	971	5	1001	1022	-18.98	0	43	-25.7	UAGGGAGAGUUGAACCUUGCAU&UCGAUAGGUUCAACUCCCCAA	..(((.(((((((((((..(..&..)..))))))))))))))..	A	A	-2.3	..(.(((........))).)..	0.0	.....................	....(((.(((((((((((..(..&..)..))))))))))))))....	-25.7	0	0	0	0	0
	SPLASH	1	937	987	5	991	1033	0.0	17843	4	-27.4	CAUUGUCGAUAGGUUCAACUCCCC&GGGAGAGUUGAACCUUGCAUCAGAG	(.(((..(..((((((((((((((&))).)))))))))))..)..))).)	A	A	0.0	.	0.0	.	.	0.0	1395	946	969	1003	1027
c13	vRNAsite	1	610	632	7	578	600	-18.74	0	53	-26.7	ACUUCAGUGGUCACAGCCCCCAU&UAGGGUUCUGGGACCACUGAAUU	..((((((((((.(((..(((..&..)))..))).))))))))))..	A	A	-1.2	........(((....))).....	-4.3	(((((((....)))).)))....	...((((((((((.(((..(((......&.......)))..))).))))))))))..	-26.7	0	0	0	0	0
	SPLASH	1	601	643	7	560	614	0.0	5474	30	-30.1	AUAGCAUUGUAGGGUUCUGGGACCACUGAA&UUCAGUGGUCACAGCCCCCAUCCUGUUGU	((((((..((.(((..(((.((((((((((&)))))))))).)))..)))))..))))))	A	A	0.0	.	0.0	.	.	0.0	428	601	630	580	608
c14	vRNAsite	2	315	349	7	247	277	-18.69	0	55	-28.5	CUUGAACCGUUGCAUCUGCACCCCCAUUCGU&GGAAUCCAGGAGUGUGUAGUUGCAACGGCAUCAUA	..(((.((((((((.(((((((((.((((..&.))))...)).).)))))).))))))))..)))..	A	A	-1.6	..........(((....)))...........	-2.6	...........((((((.((....)).))).))).	....(((.((((((((.(((((((((.((((....&.))))...)).).)))))).))))))))..)))..	-28.5	0	0	0	0	0
	SPLASH	2	314	352	7	232	282	0.0	14875	6	-29.7	GGGAAUCCAGGAGUGUGUAGUUGCAACGGCAUCA&UGAACCGUUGCAUCUGCACCCCCAUUCGUUUCU	((((((...((.(.((((((.((((((((..(((&))).)))))))).))))))).))....))))))	A	A	0.0	.	0.0	.	.	0.0	1163	314	347	249	281
c15	vRNAsite	2	773	803	6	448	479	-18.65	0	56	-31.2	CUGCUGGAGCUGUCGUUUUUUCUGGGUGUGUC&AGACACUCCAAAACUGGGCAGCUCCAUGCUA	..((((((((((((((((....((((.(((((&.)))))))))))))..)))))))))).))..	A	A	-2.0	...((((((..........)))))).......	-4.2	......((((....)))).(((.....))).	.........((((((((((((((((....((((.(((((&.)))))))))))))..)))))))))).)).........	-31.2	0	0	0	0	0
	SPLASH	2	772	814	6	436	478	0.0	19812	3	-35.4	ACACUCCAAAACUGGGCAGCUCCAUGCUAAAAUUAGCCA&UGGCUACUGCUGGAGCUGUCGUUUUUUCUGGGUGU	((((((.((((...((((((((((.((......((((((&))))))..))))))))))))...))))..))))))	A	A	0.0	.	0.0	.	.	0.0	1549	775	813	442	476
c16	vRNAsite	1	349	368	4	1059	1078	-18.48	0	67	-26.3	CCGGGGUAAAUCUCCUGUUA&AUACAGGAGAAUUGCCCCUU	..(((((((.((((((((..&..)))))))).)))))))..	A	A	-4.2	..((((.....)))).....	-1.1	....(((.(......)))).	.....(((((((.((((((((...&....)))))))).)))))))....	-26.3	0	0	0	0	0
	SPLASH	1	333	383	4	1046	1094	0.0	7060	19	-27.6	GCCUUGUUAUAGUUGAAUACAGGAGAAUUGCCCCUUACAAGUA&UGCUAUUUCCGGGGUAAAUCUCCUGUUAUAAUUUGAAGUC	(.(((.....(((((...((((((((.(((((((.....((((&))))......))))))).))))))))..)))))..))).)	A	A	0.0	.	0.0	.	.	0.0	552	333	375	1051	1090
c17	vRNAsite	2	2287	2308	7	61	84	-18.45	0	68	-24.5	UCCACAGCACUCUGCUGUUCCUUU&UUAGGAACAGUAGAGUCGGAUU	(((...(.((((((((((((((..&..))))))))))))))))))..	A	A	-6.1	...((((((...))))))......	0.0	......................	(((...(.((((((((((((((....&.....))))))))))))))))))..	-24.5	0	0	0	0	0
	SPLASH	2	2269	2317	7	51	99	0.0	8199	18	-30.6	GGAACCUUUAGGAACAGUAGAGUCGGAUUGAC&GUCAGCAUCCACAGCACUCUGCUGUUCCUUUCGAUAUUCU	((((.....(((((((((((((((((((((((&))))..))))...).)))))))))))))).......))))	A	A	0.0	.	0.0	.	.	0.0	641	2280	2311	54	93
c18	vRNAsite	1	1102	1119	3	1406	1423	-18.44	0	71	-23.3	AAGUGGUCGUGGUGUUGU&AAAAUACCAUGGCCACAA	..((((((((((((((..&..))))))))))))))..	A	A	0.0	..................	0.0	..................	...........((((((((((((((.....&.....))))))))))))))..........	-23.3	0	0	0	0	0
	SPLASH	1	1083	1139	3	1395	1431	0.0	9260	16	-28.3	UUGUGAAAAUACCAUGGCCACAAUUAUUGCUUCGG&CGGAAGUCUAAGUGGUCGUGGUGUUGUUUUCAA	(((.(((((((((((((((((..(((..(((((.(&).))))).))))))))))))))))).))).)))	A	A	0.0	.	0.0	.	.	0.0	724	1097	1131	1397	1429
c19	vRNAsite	5	667	708	8	519	564	-18.38	0	75	-37.8	AAAGAGGGCCUGCCACUUUCUGCUUGGGUAUGAGCAUGGACCAGUC&ACGGCAGGUCCAUACACACAGGCAGGCAGGCAGGACUUGUGA	..(.(((.((((((....((((((((.((....(.(((((((.(((&..))).))))))).))).))))))))..)))))).))).)..	A	A	-8.6	......(((((((((..(((.....)))..)).))).)).))....	-9.7	...((((((((.....................))))))))..	.........(.(((.((((((....((((((((.((....(.(((((((....&...((....)).))))))).))).))))))))..)))))).))).)......	-37.9	0	0	0	0	0
	SPLASH	5	651	709	8	516	554	0.0	5231	35	-35.2	UCGUACCCACUGGCUACGGCAGGUCCAUACACACAGGCAGGCAGGCAGGACUUGUG&UACAAAGAGGGCCUGCCACUUUCUGCUUGGGUAUGA	(((((((((........((((((...........(((..(((((((.....(((((&))))).....))))))).))))))))))))))))))	A	A	0.0	.	0.0	.	.	0.0	409	652	707	516	551
c20	vRNAsite	5	934	957	6	1229	1250	-18.37	0	76	-25.8	CUAUGGUGGUGUUGGUCAGAUA&AUUCUGACCAAUUCCAUCACCAUU	..((((((((((((((((((..&..)))))))))...))))))))).	A	A	0.0	......................	0.0	........................	....((((((((((((((((((..&......)))))))))...))))))))).	-25.8	0	0	0	0	0
	SPLASH	5	919	969	6	1222	1256	0.0	9721	13	-25.8	UCUGACCAAUUCCAUCACCAU&AUGGUGGUGUUGGUCAGA	(((((((((...(((((((((&))))))))))))))))))	A	A	0.0	.	0.0	.	.	0.0	760	936	956	1231	1248
c21	vRNAsite	1	1594	1613	4	1277	1297	-18.37	0	78	-24.8	CCCUCAUGGGAGCAUGCUGCC&CCCAGCAUGUUCCUUGAGUC	..((((.((((((((((((..&..))))))))))))))))..	A	A	-4.8	(((....))).(((...))).	0.0	....................	...((((.((((((((((((......&................))))))))))))))))...	-24.8	0	0	0	0	0
	SPLASH	1	1573	1619	4	1270	1308	0.0	8966	17	-31.1	UGGAGUAUACAUCUGUUCCCAGCAUGUUCCUUGAGUCAAAUGC&GCUUUUCCCCUCAUGGGAGCAUGCUGCCGUUACUCCG	(((((((............((((((((((((((((..(((.((&)).)))...)))).))))))))))))....)))))))	A	A	0.0	.	0.0	.	.	0.0	701	1577	1619	1270	1306
c22	vRNAsite	1	955	971	6	1313	1329	-18.32	0	80	-22.3	GGGGGGAGUUGAAUUCA&UAGGUUCAACUCCCCAA	..(((((((((((((..&..)))))))))))))..	A	A	0.0	.................	0.0	.................	........(((((((((((((...&....))))))))))))).......	-22.3	0	0	0	0	0
	SPLASH	1	936	988	6	1306	1344	0.0	9478	15	-25.3	CAUCACAUUGUCGAUAGGUUCAACUCCCCAAUUUUGAAAAAGCA&UGUUUGGGGGGGAGUUGAAUUCAUAUUGCUUGAAAUG	(((..((..(.((((((((((((((((((..........(((((&)))))...)))))))))))))..)))))).))..)))	A	A	0.0	.	0.0	.	.	0.0	741	941	984	1307	1343
c23	vRNAsite	2	2114	2143	4	87	117	-18.03	0	104	-31.4	UCCAGAAACUGAUUGCCCCCAGGGAGACCAA&UGGGUUGAGUUGGGGUGCCCCAGUUUCUGU	..(((((((((...((((((((...((((..&..))))...)))))).))..))))))))).	A	A	-2.9	.........((.((.(((...))).)).)).	-5.8	......((((((((....))))))))....	..(((((((((...((((((((...((((..........&......))))...)))))).))..))))))))).	-31.4	0	0	0	0	0
	SPLASH	2	2109	2161	4	72	120	0.0	5218	36	-32.9	GGUUGAGUUGGGGUGCCCCAGUUUCUGUAUUUGU&ACACAUCCAGAAACUGAUUGCCCCCAGGGAGACC	((((...((((((.((..(((((((((.((.(((&))).)).)))))))))...))))))))...))))	A	A	0.0	.	0.0	.	.	0.0	408	2116	2149	82	115
c24	vRNAsite	2	412	438	4	1227	1253	-17.48	0	162	-26.5	AGCCCUCCUUCUCCGUCAGCCAUAGCA&CUUUAUGGCUGACAAAGGGAUUCAGGG	..((((...((((.(((((((((((..&..)))))))))))...))))...))))	A	A	-0.3	..................((....)).	-1.8	........((((.........))))..	..((((...((((.(((((((((((.......&.........)))))))))))...))))...))))	-26.5	0	0	0	0	0
	SPLASH	2	397	443	4	1229	1267	0.0	9989	12	-34.6	UUACAGACUCAAUUUCUUUAUGGCUGACAAAGGGAUUCAGGG&CCCUCCUUCUCCGUCAGCCAUAGCAAAUUUCUGUAA	(((((((...(((((..(((((((((((...((((...((((&))))...)))).))))))))))).))))))))))))	A	A	0.0	.	0.0	.	.	0.0	781	397	438	1229	1264
c25	vRNAsite	4	107	155	6	441	484	-17.46	0	169	-42.6	AUGGCUACUGCUGGAGCUGUCGUUUUUUCUGGGUGUGUCUCCAA&AGGGAGACCAAAAGCACCAGUGAACUGGCGACAGUUGAGUAGAUCGCCA	.((((..(((((..((((((((((..(((..(((((((((((..&..)))))).....)))))...)))..)))))))))).)))))...))))	A	A	-6.7	..(((....)))(((((...(.(.......).)...).))))..	-9.3	.((((.(((((..((.((((....)))).).)..))).))...)).)).	.((((..(((((..((((((((((..(((..(((((((((((......&..)))))).....)))))...)))..)))))))))).)))))...))))	-42.6	0	0	0	0	0
	SPLASH	4	66	116	6	449	485	0.0	12611	8	-30.5	AGAACACAUCCAGAAACUGAUUGCCCCCAGGG&UGCUGGAGCUGUCGUUUUUUCUGGGUGUGUCU	((.(((((((((((((.((((.((..((((.(&).)))).)).))))...)))))))))))))))	A	A	0.0	.	0.0	.	.	0.0	986	79	110	449	480
c26	vRNAsite	1	1541	1562	6	1229	1250	-17.16	0	219	-23.9	CUAUGGUGGUGUUGGUCAGAUA&GCUUUGAUCAACAUCAUCAUUC	..((((((((((((((((((..&..))))))))))))))))))..	A	A	0.0	......................	-0.4	....((((....))))......	..((((((((((((((((((..&..))))))))))))))))))..	-23.9	0	0	0	0	0
	SPLASH	1	1526	1578	6	1207	1269	0.0	9554	14	-31.2	AGCAGCAAUAAUCAAGCUUUGAUCAACAUCAUCAUUCCUCACUUCCCC&GGGGCAUAUUUCCUUCUCUAUGGUGGUGUUGGUCAGAUACACUAUCUCUGUU	(((((..(((.......((((((((((((((((((.........((((&))))...............)))))))))))))))))).....)))..)))))	A	A	0.0	.	0.0	.	.	0.0	747	1526	1573	1212	1263
c27	vRNAsite	4	693	716	6	544	567	-17.15	0	220	-22.5	AUGGGCCUAUUGGAGCCUUUCCAG&CGGCAAUGGCUCCAAAUAGACCUC	..(((.(((((((((((.((((..&.)).)).)))))).))))).))).	A	A	-4.5	..((((((...)).))))......	-1.4	.(((....))).............	...(((.(((((((((((.((((..&.)).)).)))))).))))).))).	-22.5	0	0	0	0	0
	SPLASH	4	686	726	6	530	580	0.0	5180	37	-28.5	AACCGGCAAUGGCUCCAAAUAGACCUCUGGAUUGAAU&GUUUAUAUCUACGAUGGGCCUAUUGGAGCCUUUCCAGUU	(((.((.((.((((((.(((((.((((((((((((((&))))).))))).)).))..))))))))))).)))).)))	A	A	0.0	.	0.0	.	.	0.0	405	690	726	531	569
c28	vRNAsite	5	190	217	6	577	606	-17.13	0	225	-25.6	CAGACACAUCUGACACCAGGAUAUCGAGGA&AUUUCGGUCCUCAUGUCAGAUGUUCUCC	.(((.((((((((((..(((((..((((..&..)))))))))..)))))))))))))..	A	A	-2.8	((((....))))...((..(....)..)).	-1.5	.....((....(((.....)))....))	.(((.((((((((((..(((((..((((...&..)))))))))..)))))))))))))..	-25.6	0	0	0	0	0
	SPLASH	5	182	228	6	572	610	0.0	5410	32	-29.8	UCCUUAUGAUUUCGGUCCUCAUGUCAGAUGUUCUCCCCUCUGUA&UGCAGACACAUCUGACACCAGGAUAUCGAGGA	(((((..(((....(((((..((((((((((.......((((((&)))))).))))))))))..)))))))))))))	A	A	0.0	.	0.0	.	.	0.0	423	182	225	575	606
c29	vRNAsite	1	1587	1608	7	518	541	-16.72	0	316	-20.8	UGAGACCGAUGCUGGGAGUCAGCA&AUCUGUUCCCAGCAUGUUCCUU	.(((....((((((((((.(((..&..)))))))))))))....)))	A	A	-5.3	.........(((((.....)))))	-0.1	..(((....)))..........	.(((....((((((((((.(((...&.....)))))))))))))....)))	-20.8	0	0	0	0	0
	SPLASH	1	1580	1626	7	497	539	0.0	5768	25	-30.7	CUGUUCCCAGCAUGUUCCUUGAGUCAAAUGCAACA&UGUUGUCACCAUUUGCCUAUGAGACCGAUGCUGGGAGUCAG	(((((((((((((....(((.((.(((((((((((&)))))....)))))).))..)))....)))))))))).)))	A	A	0.0	.	0.0	.	.	0.0	451	1589	1623	499	539
c30	vRNAsite	2	240	259	6	87	108	-16.72	0	317	-22.0	UCCAUAUGUACCUGAGGUGCCA&CAGCACUUCUGGUACAUCUG	..((.(((((((.(((((((..&..))))))).))))))).))	A	A	-4.4	.......(((((...)))))..	-0.3	(((.....))).........	...((.(((((((.(((((((....&....))))))).))))))).))	-22.0	0	0	0	0	0
	SPLASH	2	230	268	6	75	121	0.0	6945	20	-25.6	UUGCAGCACUUCUGGUACAUCUGUUCAUCCUC&GAGCCUGUUCCAUAUGUACCUGAGGUGCCACAA	(((..(((((((.(((((((.((..((..(((&)))..))...)).))))))).)))))))..)))	A	A	0.0	.	0.0	.	.	0.0	543	237	268	79	111
c31	vRNAsite	1	1562	1578	6	1310	1325	-16.7	0	319	-20.0	UUGGGGGGGAGUUGAA&CCUCACUUCCCCUCCUG	..(((((((((.(((.&..))).)))))))))..	A	A	0.0	................	0.0	.................	......(((((((((.(((.&.........))).)))))))))........	-20.0	0	0	0	0	0
	SPLASH	1	1542	1592	6	1292	1352	0.0	13788	7	-22.8	UCAACAUCAUCAUUCCUCACUUCCCCUCCUGGAGUAUACAUCUGU&ACAGCAUCACUUGGUUGUUUGGGGGGGAGUUGAAUUCAUAUUGCUUGA	((((((.....((((...((((((((((...((.((...((((((&)))).))....)).))....)))))))))).))))......)).))))	A	A	0.0	.	0.0	.	.	0.0	1078	1548	1592	1292	1339
c32	vRNAsite	1	1160	1176	3	221	237	-16.65	0	335	-20.5	UCUUGAUUCAGCUGAAA&UAUCAGCUGAAUCAAUC	..(((((((((((((..&..)))))))))))))..	A	A	0.0	.................	0.0	.................	......(((((((((((((...........&.......)))))))))))))......	-20.5	0	0	0	0	0
	SPLASH	1	1148	1188	3	203	255	0.0	21692	2	-30.7	CCACUCACUAUCAGCUGAAUCAAUCUCCUGGUUGCUU&AAGAAGCAGUUUUCUUGAUUCAGCUGAAAAUCCUUCUAGUUGUGG	((((..(((((((((((((((((....(((.((.(((&))))).))).....))))))))))))).........)))).))))	A	A	0.0	.	0.0	.	.	0.0	1696	1152	1188	209	253
c33	vRNAsite	1	1569	1598	4	802	826	-16.65	0	337	-24.6	GACUGGGUGUAUAUUCUGGUAAGGG&UCCCCUCCUGGAGUAUACAUCUGUUCCCAG	..(((((((((((((((((..((((&..)))).))))))))))))......)))))	A	A	-3.2	.((((((.......)))))).....	-3.1	.......((((.(.(((....))).)))))	...(((((((((((((((((..((((&..)))).))))))))))))......)))))	-24.6	0	0	0	0	0
	SPLASH	1	1554	1612	4	802	830	0.0	6254	23	-27.5	UUCCCCUCCUGGAGUAUACAUCUGUUCCCAGC&GACUGGGUGUAUAUUCUGGUAAGGGAG	(((((...((((((((((((......((((((&).)))))))))))))))))...)))))	A	A	0.0	.	0.0	.	.	0.0	489	1568	1599	802	828
c34	vRNAsite	1	114	133	3	1404	1424	-16.61	0	345	-21.5	CUAAGUGGUCGUGGUGUUGUU&ACCAACACCACGUCUCCUUG	.((((.((.((((((((((..&..)))))))))).)).))))	A	A	0.0	.....................	0.0	....................	.((((.((.((((((((((...&....)))))))))).)).))))	-21.5	0	0	0	0	0
	SPLASH	1	98	150	3	1398	1438	0.0	5231	34	-22.2	CCGUUUCAUUACCAACACCACGUCUCCUUG&UAAGUGGUCGUGGUGUUGUUUUCAAAAAAGG	((..........((((((((((.((.((((&)))).)).))))))))))...........))	A	A	0.0	.	0.0	.	.	0.0	409	104	133	1405	1435
c35	vRNAsite	6	1093	1137	7	929	968	-16.46	0	389	-37.9	GCGAUCUCGGCUUUGAGGGGGCCUGACGGGAUGAUAGAGA&UCUCUUGUCACCCAGAUGUCCCCACCAGCGGAAAGCCGAAUCGAA	.((((.((((((((..((((((.....(((.(((((((((&)))).))))))))....))))))........))))))))))))..	A	A	-8.1	...(((((((((((...))))))....)))))........	-2.7	............................(((....))).......	.((((.((((((((..((((((.....(((.(((((((((&)))).))))))))....))))))........))))))))))))...	-37.9	0	0	0	0	0
	SPLASH	6	1084	1130	7	915	973	0.0	5768	27	-32.9	GUUCUCUUGUCACCCAGAUGUCCCCACCAGCGGAAAGCCG&CGGCUUUGAGGGGGCCUGACGGGAUGAUAGAGAGUAC	((.((((((((((((....((((((........(((((((&)))))))..)))))).....))).))))).)))).))	A	A	0.0	.	0.0	.	.	0.0	451	1091	1130	936	972
c36	vRNAsite	2	327	345	5	1127	1144	-16.38	0	416	-19.8	CAGCCGUUGCAUCGUCAC&UGUGUAGUUGCAACGGCAU	..(((((((((.(..(((&.)))..).)))))))))..	A	A	-0.1	..((....))........	-1.3	.((((.((....)).))))	........(((((((((.(..(((&.)))..).)))))))))......	-19.8	0	0	0	0	0
	SPLASH	2	314	364	5	1101	1147	0.0	6216	24	-30.5	GUGUGUAGUUGCAACGGCAUCAUAUUCCAUACUUUUGGC&GCCAGAUCAUCAUGUGAGUCAGACCAGCCGUUGCAUCGUCACC	(.(((..(.(((((((((.((..(((((((...((((((&)))))).....))).))))..))...))))))))).)..))))	A	A	0.0	.	0.0	.	.	0.0	486	326	364	1103	1145
c37	vRNAsite	1	955	971	3	78	95	-16.3	0	443	-21.2	AGGAAGGAGUUGAACCAA&UAGGUUCAACUCCCCAA	.((..(((((((((((..&..)))))))))))))..	A	A	0.0	..................	0.0	.................	.((..(((((((((((....&....)))))))))))))....	-21.2	0	0	0	0	0
	SPLASH	1	941	987	3	69	109	0.0	10718	11	-21.4	UGUCGAUAGGUUCAACUCCCC&GGAAGGAGUUGAACCAAGAAGCA	(((.....(((((((((((((&))..))))))))))).....)))	A	A	0.0	.	0.0	.	.	0.0	838	949	969	79	101
c38	vRNAsite	1	1392	1430	5	684	714	-16.16	0	490	-28.1	ACAGGCAGGCAGGCAGGACUUGUGAGCAACC&ACGGCUUGCUCUUCUGUUGGGUUCUGCCUAAGGAUGUCU	..(((((..((((((((((((..((((((((&..)).)))))).......)))))))))))..)..)))))	A	A	-6.8	....((..(((((.....)))))..))....	-7.6	..(((..((((.......))))...)))...........	.........(((((..((((((((((((..((((((((&...)).)))))).......)))))))))))..)..)))))	-28.1	0	0	0	0	0
	SPLASH	1	1404	1470	5	666	710	0.0	5167	38	-31.1	GGGUUCUGCCUAAGGAUGUCUACCAUCCUAAUUCCACCAAUCUGUGUGCUGUGGCAC&GUCCAUACACACAGGCAGGCAGGCAGGACUU	(((((((((((...............(((...........((((((((.(((((.((&))))))))))))))).))).)))))))))))	A	A	0.0	.	0.0	.	.	0.0	404	1410	1466	674	704
c39	vRNAsite	5	685	709	7	390	415	-16.01	0	554	-22.1	CCUCCAUGGCCUCUGCUGCUUGCUCA&CAGGCAGGCAGGCAGGACUUGUGAG	.(((((.((.(.((((((((((((..&..)))))))).))))).)))).)))	A	A	-1.1	((.....)).....((.....))...	-3.2	...((((((......).)))))...	.(((((.((.(.((((((((((((........&...........)))))))).))))).)))).)))	-22.1	0	0	0	0	0
	SPLASH	5	678	724	7	386	446	0.0	5602	29	-28.9	AGGCAGGCAGGCAGGACUUGUGAGCAACCG&UGCUUGCUCACUCGAUCCAGCCAUUUGCUCCAUAGCCU	((((.(((((((.((((..((((((((.((&)).))))))))..).))).)))...)))).....))))	A	A	0.0	.	0.0	.	.	0.0	438	686	715	406	443
c40	vRNAsite	1	1445	1468	5	660	694	-15.87	0	611	-22.3	ACUGGCUACGGCAGGUCCAUACACACAGGCAGGCA&ACCAAUCUGUGUGCUGUGGCACAU	..((((((((((..........(((((((..((..&.))..))))))))))))))).)).	A	A	-4.8	....(((...((..((........))..)).))).	-6.3	........((((((....))))))	..(((.(...).)))(((((((((((((((..((.........&.))..)))))))).))))).))..	-23.4	0	0	0	0	0
	SPLASH	1	1404	1470	5	666	710	0.0	5167	38	-31.1	GGGUUCUGCCUAAGGAUGUCUACCAUCCUAAUUCCACCAAUCUGUGUGCUGUGGCAC&GUCCAUACACACAGGCAGGCAGGCAGGACUU	(((((((((((...............(((...........((((((((.(((((.((&))))))))))))))).))).)))))))))))	A	A	0.0	.	0.0	.	.	0.0	404	1410	1466	674	704
c41	vRNAsite	2	2247	2279	7	34	75	-13.71	0	2580	-27.4	AUGCUGACAAAAUGACCAUCGUCAGCAUCCACAGCACUCUGC&UAAGGGAAUGUGGUGCUUAUGGCAUUUUGCGCU	..((.(.(((((((.((((....((((.(((((...((((..&..))))..))))))))).)))))))))))))).	A	A	-10.0	((((((((............))))))))...(((....))).	-5.5	....(((((((.((....)).))))))).....	.....((.(.(((((((.((((....((((.(((((...((((...&...))))..))))))))).)))))))))))))).	-27.4	0	0	0	0	0
	SPLASH	2	2269	2317	7	51	99	0.0	8199	18	-30.6	GGAACCUUUAGGAACAGUAGAGUCGGAUUGAC&GUCAGCAUCCACAGCACUCUGCUGUUCCUUUCGAUAUUCU	((((.....(((((((((((((((((((((((&))))..))))...).)))))))))))))).......))))	A	A	0.0	.	0.0	.	.	0.0	641	2280	2311	54	93
c42	vRNAsite	1	1518	1532	6	1201	1217	-12.85	0	4471	-13.0	UCUGCUAGUUUGGGGCA&AUGUUCCUAGCAGCA	.((((((....((((((&.))))))))))))..	A	A	-1.8	..((((.......))))	0.0	...............	.((((((....((((((&.))))))))))))..	-13.0	0	0	0	0	0
	SPLASH	1	1526	1578	6	1207	1269	0.0	9554	14	-31.2	AGCAGCAAUAAUCAAGCUUUGAUCAACAUCAUCAUUCCUCACUUCCCC&GGGGCAUAUUUCCUUCUCUAUGGUGGUGUUGGUCAGAUACACUAUCUCUGUU	(((((..(((.......((((((((((((((((((.........((((&))))...............)))))))))))))))))).....)))..)))))	A	A	0.0	.	0.0	.	.	0.0	747	1526	1573	1212	1263
c43	vRNAsite	7	370	390	8	586	607	-12.35	0	5947	-15.2	CAUGUCAGUUAGGUAACGCGAC&UUGUCUAGCCUGACUAGCAAC	..(((.((((((((...((((.&))))...)))))))).)))..	A	A	-1.3	...(((.(((....)))..)))	-3.5	(((.((((.....))))))).	..(((.((((((((...((((.&))))...)))))))).))).....	-15.2	0	0	0	0	0
	SPLASH	7	373	429	8	597	633	0.0	6485	22	-38.9	CCAUGGCCUCUGCUGCUUGCUCACUCGAUCCAGCC&GGUAACGCGACGCAGGUACAGAGGCCAUGG	((((((((((((.(((((((....(((.....(((&)))....))).)))))))))))))))))))	A	A	0.0	.	0.0	.	.	0.0	507	393	427	597	626
c44	vRNAsite	3	2155	2172	6	1305	1317	-11.56	0	8512	-11.4	GUUGUUUGGGGGG&UUUCCGCAAGCUCGACAA	((((((((.(((.&..))).)))))..)))..	A	A	0.0	.............	0.0	..................	((((((((.(((.&...))).)))))..)))..	-11.4	0	0	0	0	0
	SPLASH	3	2098	2162	6	1297	1339	0.0	5001	39	-26.7	GAUUUUCAGGUCCUCCCCAUAC&GUUUGGGGGGGAGUUGAAUUC	((..(((((.(((((((((.((&)).))))))))).))))).))	A	A	0.0	.	0.0	.	.	0.0	391	2120	2141	1308	1328
